{
  "parent": "minecraft:item/template_skull",
  "textures": {
    "layer0": "item/player_head"
  },
  "overrides": [
    {
      "predicate": { "custom_model_data": 11 },
      "model": "item/player_head/11"
    },
    {
      "predicate": { "custom_model_data": 22 },
      "model": "item/player_head/22"
    },
    {
      "predicate": { "custom_model_data": 33 },
      "model": "item/player_head/33"
    },
    {
      "predicate": { "custom_model_data": 44 },
      "model": "item/player_head/44"
    },
    {
      "predicate": { "custom_model_data": 811 },
      "model": "item/player_head/811"
    },
    {
      "predicate": { "custom_model_data": 1000 },
      "model": "item/player_head/1000"
    },
    {
      "predicate": { "custom_model_data": 1001 },
      "model": "item/player_head/1001"
    },
    {
      "predicate": { "custom_model_data": 1002 },
      "model": "item/player_head/1002"
    },
    {
      "predicate": { "custom_model_data": 1003 },
      "model": "item/player_head/1003"
    },
    {
      "predicate": { "custom_model_data": 1004 },
      "model": "item/player_head/1004"
    },
    {
      "predicate": { "custom_model_data": 1005 },
      "model": "item/player_head/1005"
    },
    {
      "predicate": { "custom_model_data": 4412 },
      "model": "modelengine:jajo1/copper_egg"
    },
    {
      "predicate": { "custom_model_data": 4413 },
      "model": "modelengine:jajo2/iron_egg"
    },
    {
      "predicate": { "custom_model_data": 4414 },
      "model": "modelengine:jajo3/gold_egg"
    }
  ]
}