{
    "parent": "minecraft:block/white_glazed_terracotta",
    "textures": {
        "layer0": "minecraft:block/white_glazed_terracotta"
    },
    "overrides": [
        {
            "predicate": {
                "custom_model_data": 1
            },
            "model": "item/custom/chest3"
        },
        {
            "predicate": {
                "custom_model_data": 2
            },
            "model": "item/custom/chest3"
        },
        {
            "predicate": {
                "custom_model_data": 3
            },
            "model": "item/custom/chest3"
        },
        {
            "predicate": {
                "custom_model_data": 4
            },
            "model": "item/custom/chest3"
        },
        {
            "predicate": {
                "custom_model_data": 5
            },
            "model": "item/custom/chest3"
        },
        {
            "predicate": {
                "custom_model_data": 6
            },
            "model": "item/custom/luckyblock"
        }
    ]
}