{
  "format_version": "1.9.0",
  "texture_size": [32, 32],
  "textures": {
    "1": "item/pumpkin3_face",
    "2": "item/pumpkin3",
    "particle": "item/pumpkin3"
  },
  "elements": [
    {
      "from": [0, 0, 0],
      "to": [16, 16, 16],
      "faces": {
        "north": { "uv": [0, 0, 4, 4], "texture": "#2" },
        "east": { "uv": [0, 4, 4, 8], "texture": "#2" },
        "south": { "uv": [4, 0, 8, 4], "texture": "#2" },
        "west": { "uv": [4, 4, 8, 8], "texture": "#2" },
        "up": { "uv": [4, 12, 0, 8], "texture": "#2" },
        "down": { "uv": [12, 0, 8, 4], "texture": "#2" }
      }
    },
    {
      "from": [1, 1, -0.001],
      "to": [15, 15, 1.999],
      "rotation": { "angle": 0, "axis": "y", "origin": [0, 0, -0.1] },
      "faces": {
        "north": { "uv": [0, 0, 7, 7], "texture": "#1" },
        "east": { "uv": [7, 0, 8, 7], "texture": "#1" },
        "south": { "uv": [0, 7, 7, 14], "texture": "#1" },
        "west": { "uv": [7, 7, 8, 14], "texture": "#1" },
        "up": { "uv": [15, 1, 8, 0], "texture": "#1" },
        "down": { "uv": [15, 1, 8, 2], "texture": "#1" }
      }
    }
  ],
  "groups": [
    {
      "name": "group",
      "origin": [0, 0, 0],
      "color": 0,
      "children": [0]
    },
    1
  ],
  "display": {
    "head": {
      "scale": [1.75, 1.75, 1.75]
    }
  }
}