{
    "parent": "item/generated",
    "textures": {
        "layer0": "item/bow"
    },
    "display": {
        "thirdperson_righthand": {
            "rotation": [
                -80,
                260,
                -40
            ],
            "translation": [
                -1,
                -2,
                2.5
            ],
            "scale": [
                0.9,
                0.9,
                0.9
            ]
        },
        "thirdperson_lefthand": {
            "rotation": [
                -80,
                -280,
                40
            ],
            "translation": [
                -1,
                -2,
                2.5
            ],
            "scale": [
                0.9,
                0.9,
                0.9
            ]
        },
        "firstperson_righthand": {
            "rotation": [
                0,
                -90,
                25
            ],
            "translation": [
                1.13,
                3.2,
                1.13
            ],
            "scale": [
                0.68,
                0.68,
                0.68
            ]
        },
        "firstperson_lefthand": {
            "rotation": [
                0,
                90,
                -25
            ],
            "translation": [
                1.13,
                3.2,
                1.13
            ],
            "scale": [
                0.68,
                0.68,
                0.68
            ]
        }
    },
    "model": {
        "type": "range_dispatch",
        "property": "custom_model_data",
        "index": 0,
        "fallback": {
            "type": "condition",
            "property": "using_item",
            "on_true": {
                "type": "range_dispatch",
                "property": "use_duration",
                "scale": 0.05,
                "fallback": {
                    "type": "model",
                    "model": "item/bow_pulling_0"
                },
                "entries": [
                    {
                        "threshold": 0.65,
                        "model": {
                            "type": "model",
                            "model": "item/bow_pulling_1"
                        }
                    },
                    {
                        "threshold": 0.9,
                        "model": {
                            "type": "model",
                            "model": "item/bow_pulling_2"
                        }
                    }
                ]
            },
            "on_false": {
                "type": "model",
                "model": "item/bow"
            }
        },
        "entries": [
            {
                "threshold": 1,
                "model": {
                    "type": "condition",
                    "property": "using_item",
                    "on_true": {
                        "type": "range_dispatch",
                        "property": "use_duration",
                        "scale": 0.05,
                        "fallback": {
                            "type": "model",
                            "model": "item/bow/1_custom_bow_pulling_0"
                        },
                        "entries": [
                            {
                                "threshold": 0.65,
                                "model": {
                                    "type": "model",
                                    "model": "item/bow/1_custom_bow_pulling_1"
                                }
                            },
                            {
                                "threshold": 0.9,
                                "model": {
                                    "type": "model",
                                    "model": "item/bow/1_custom_bow_pulling_2"
                                }
                            }
                        ]
                    },
                    "on_false": {
                        "type": "model",
                        "model": "item/bow/1_custom_bow"
                    }
                }
            },
            {
                "threshold": 5324,
                "model": {
                    "type": "condition",
                    "property": "using_item",
                    "on_true": {
                        "type": "range_dispatch",
                        "property": "use_duration",
                        "scale": 0.05,
                        "fallback": {
                            "type": "model",
                            "model": "item/bow/3_custom_bow_pulling_0"
                        },
                        "entries": [
                            {
                                "threshold": 0.65,
                                "model": {
                                    "type": "model",
                                    "model": "item/bow/3_custom_bow_pulling_1"
                                }
                            },
                            {
                                "threshold": 0.9,
                                "model": {
                                    "type": "model",
                                    "model": "item/bow/3_custom_bow_pulling_2"
                                }
                            }
                        ]
                    },
                    "on_false": {
                        "type": "model",
                        "model": "item/bow/3_custom_bow"
                    }
                }
            },
            {
                "threshold": 6000,
                "model": {
                    "type": "condition",
                    "property": "using_item",
                    "on_true": {
                        "type": "range_dispatch",
                        "property": "use_duration",
                        "scale": 0.05,
                        "fallback": {
                            "type": "model",
                            "model": "item/bow/tridencik_pulling_0"
                        },
                        "entries": [
                            {
                                "threshold": 0.65,
                                "model": {
                                    "type": "model",
                                    "model": "item/bow/tridencik_pulling_1"
                                }
                            },
                            {
                                "threshold": 0.9,
                                "model": {
                                    "type": "model",
                                    "model": "item/bow/tridencik_pulling_2"
                                }
                            }
                        ]
                    },
                    "on_false": {
                        "type": "model",
                        "model": "item/bow/tridencik"
                    }
                }
            }
        ]
    }
}