{
    "model": {
        "type": "range_dispatch",
        "property": "custom_model_data",
        "index": 0,
        "fallback": {
            "type": "model",
            "model": "item/fishing_rod"
        },
        "entries": [
            {
                "threshold": 0,
                "model": {
                    "type": "model",
                    "model": "item/fishing_rod"
                }
            },
            {
                "threshold": 1,
                "model": {
                    "type": "model",
                    "model": "item/fishing_rod/1"
                }
            },
            {
                "threshold": 2,
                "model": {
                    "type": "model",
                    "model": "item/fishing_rod/2"
                }
            }
        ]
    }
}