{
  "model": {
    "type": "range_dispatch",
    "property": "custom_model_data",
    "index": 0,
    "fallback": {
      "type": "model",
      "model": "block/orange_glazed_terracotta"
    },
    "entries": [
      {
        "threshold": 1,
        "model": {
          "type": "model",
          "model": "item/custom/chest1"
        }
      },
      {
        "threshold": 2,
        "model": {
          "type": "model",
          "model": "item/custom/chest1"
        }
      },
      {
        "threshold": 3,
        "model": {
          "type": "model",
          "model": "item/custom/chest1"
        }
      },
      {
        "threshold": 4,
        "model": {
          "type": "model",
          "model": "item/custom/chest1"
        }
      },
      {
        "threshold": 5,
        "model": {
          "type": "model",
          "model": "item/custom/chest1"
        }
      }
    ]
  }
}