{
  "model": {
    "type": "range_dispatch",
    "property": "custom_model_data",
    "index": 0,
    "fallback": {
      "type": "model",
      "model": "item/paper"
    },
    "entries": [
      {
        "threshold": 0,
        "model": {
          "type": "model",
          "model": "item/paper/0"
        }
      },
      {
        "threshold": 1,
        "model": {
          "type": "model",
          "model": "item/paper/1"
        }
      },
      {
        "threshold": 11,
        "model": {
          "type": "model",
          "model": "item/paper/11"
        }
      },
      {
        "threshold": 22,
        "model": {
          "type": "model",
          "model": "item/paper/22"
        }
      },
      {
        "threshold": 33,
        "model": {
          "type": "model",
          "model": "item/paper/33"
        }
      },
      {
        "threshold": 44,
        "model": {
          "type": "model",
          "model": "item/paper/44"
        }
      },
      {
        "threshold": 69,
        "model": {
          "type": "model",
          "model": "item/custom/desert_chest"
        }
      },
      {
        "threshold": 70,
        "model": {
          "type": "model",
          "model": "item/custom/school_backpack"
        }
      },
      {
        "threshold": 811,
        "model": {
          "type": "model",
          "model": "item/paper/811"
        }
      },
      {
        "threshold": 665645,
        "model": {
          "type": "model",
          "model": "item/paper/665645"
        }
      }
    ]
  }
}