{
  "model": {
    "type": "range_dispatch",
    "property": "custom_model_data",
    "index": 0,
    "fallback": {
      "type": "model",
      "model": "item/red_dye"
    },
    "entries": [
      {
        "threshold": 1,
        "model": {
          "type": "model",
          "model": "item/red_dye/1"
        }
      },
      {
        "threshold": 2,
        "model": {
          "type": "model",
          "model": "item/red_dye/2"
        }
      },
      {
        "threshold": 3,
        "model": {
          "type": "model",
          "model": "item/red_dye/3"
        }
      },
      {
        "threshold": 4,
        "model": {
          "type": "model",
          "model": "item/red_dye/4"
        }
      },
      {
        "threshold": 5,
        "model": {
          "type": "model",
          "model": "item/red_dye/5"
        }
      },
      {
        "threshold": 6,
        "model": {
          "type": "model",
          "model": "item/red_dye/6"
        }
      },
      {
        "threshold": 7,
        "model": {
          "type": "model",
          "model": "item/red_dye/7"
        }
      }
    ]
  }
}