{
	"format_version": "1.9.0",
	"credit": "Made with Blockbench",
	"texture_size": [32, 32],
	"textures": {
		"0": "item/custom/items/trident2137",
		"particle": "item/custom/items/trident2137"
	},
	"elements": [
		{
			"name": "body",
			"from": [6, 0, 7],
			"to": [8, 21, 9],
			"rotation": {"angle": 0, "axis": "y", "origin": [7.5, 0, 8.5]},
			"faces": {
				"north": {"uv": [0, 0, 1, 10.5], "texture": "#0"},
				"east": {"uv": [1, 0, 2, 10.5], "texture": "#0"},
				"south": {"uv": [2, 0, 3, 10.5], "texture": "#0"},
				"west": {"uv": [3, 0, 4, 10.5], "texture": "#0"},
				"up": {"uv": [12.5, 10, 11.5, 9], "texture": "#0"},
				"down": {"uv": [12.5, 10, 11.5, 11], "texture": "#0"}
			}
		},
		{
			"name": "base",
			"from": [4.5, 21, 6.5],
			"to": [9.5, 23, 9.5],
			"rotation": {"angle": 0, "axis": "y", "origin": [7, 23, 8]},
			"faces": {
				"north": {"uv": [8.5, 0, 11, 1], "texture": "#0"},
				"east": {"uv": [10, 8, 11.5, 9], "texture": "#0"},
				"south": {"uv": [8.5, 1, 11, 2], "texture": "#0"},
				"west": {"uv": [0, 10.5, 1.5, 11.5], "texture": "#0"},
				"up": {"uv": [8.5, 1.5, 6, 0], "texture": "#0"},
				"down": {"uv": [8.5, 1.5, 6, 3], "texture": "#0"}
			}
		},
		{
			"name": "base",
			"from": [5.5, 23, 6.5],
			"to": [8.5, 24, 9.5],
			"rotation": {"angle": 0, "axis": "y", "origin": [7, 24, 8]},
			"faces": {
				"north": {"uv": [6.5, 12.5, 8, 13], "texture": "#0"},
				"east": {"uv": [12.5, 6.5, 14, 7], "texture": "#0"},
				"south": {"uv": [12.5, 7, 14, 7.5], "texture": "#0"},
				"west": {"uv": [12.5, 7.5, 14, 8], "texture": "#0"},
				"up": {"uv": [11.5, 6.5, 10, 5], "texture": "#0"},
				"down": {"uv": [11.5, 6.5, 10, 8], "texture": "#0"}
			}
		},
		{
			"name": "base",
			"from": [5.65, 22.925, 6.525],
			"to": [6.65, 24.35, 9.475],
			"rotation": {"angle": -45, "axis": "z", "origin": [5.15, 24.35, 8]},
			"faces": {
				"north": {"uv": [13.5, 3.5, 14, 4], "texture": "#0"},
				"east": {"uv": [12.5, 8, 14, 8.5], "texture": "#0"},
				"south": {"uv": [13.5, 4, 14, 4.5], "texture": "#0"},
				"west": {"uv": [12.5, 8.5, 14, 9], "texture": "#0"},
				"up": {"uv": [8.5, 14, 8, 12.5], "texture": "#0"},
				"down": {"uv": [13, 9, 12.5, 10.5], "texture": "#0"}
			}
		},
		{
			"name": "base",
			"from": [7.35, 22.925, 6.525],
			"to": [8.35, 24.35, 9.475],
			"rotation": {"angle": 45, "axis": "z", "origin": [8.85, 24.35, 8]},
			"faces": {
				"north": {"uv": [13.5, 4.5, 14, 5], "texture": "#0"},
				"east": {"uv": [12.5, 10.5, 14, 11], "texture": "#0"},
				"south": {"uv": [13.5, 5, 14, 5.5], "texture": "#0"},
				"west": {"uv": [12.5, 11, 14, 11.5], "texture": "#0"},
				"up": {"uv": [13, 13, 12.5, 11.5], "texture": "#0"},
				"down": {"uv": [12.5, 12.5, 12, 14], "texture": "#0"}
			}
		},
		{
			"name": "base",
			"from": [6.75, 19.125, 6.525],
			"to": [8.75, 22.125, 9.475],
			"rotation": {"angle": -45, "axis": "z", "origin": [7.75, 20.625, 8]},
			"faces": {
				"north": {"uv": [1.5, 10.5, 2.5, 12], "texture": "#0"},
				"east": {"uv": [9, 9.5, 10.5, 11], "texture": "#0"},
				"south": {"uv": [2.5, 10.5, 3.5, 12], "texture": "#0"},
				"west": {"uv": [10, 2, 11.5, 3.5], "texture": "#0"},
				"up": {"uv": [11.5, 10.5, 10.5, 9], "texture": "#0"},
				"down": {"uv": [11.5, 10.5, 10.5, 12], "texture": "#0"}
			}
		},
		{
			"name": "base",
			"from": [5.25, 19.125, 6.526],
			"to": [7.25, 22.125, 9.474],
			"rotation": {"angle": 45, "axis": "z", "origin": [6.25, 20.625, 8]},
			"faces": {
				"north": {"uv": [11, 0, 12, 1.5], "texture": "#0"},
				"east": {"uv": [10, 3.5, 11.5, 5], "texture": "#0"},
				"south": {"uv": [5.5, 11, 6.5, 12.5], "texture": "#0"},
				"west": {"uv": [4, 10, 5.5, 11.5], "texture": "#0"},
				"up": {"uv": [7.5, 12.5, 6.5, 11], "texture": "#0"},
				"down": {"uv": [8.5, 11, 7.5, 12.5], "texture": "#0"}
			}
		},
		{
			"name": "left_spike",
			"from": [10.89134, 24.36194, 7.5],
			"to": [11.89134, 28.36194, 8.5],
			"rotation": {"angle": 0, "axis": "y", "origin": [11.39134, 23.86194, 8]},
			"faces": {
				"north": {"uv": [11.5, 11, 12, 13], "texture": "#0"},
				"east": {"uv": [12, 0, 12.5, 2], "texture": "#0"},
				"south": {"uv": [1.5, 12, 2, 14], "texture": "#0"},
				"west": {"uv": [2, 12, 2.5, 14], "texture": "#0"},
				"up": {"uv": [13.5, 10.5, 13, 10], "texture": "#0"},
				"down": {"uv": [12, 13, 11.5, 13.5], "texture": "#0"}
			}
		},
		{
			"name": "left_spike",
			"from": [9.89134, 24.36194, 7.525],
			"to": [10.89134, 27.36194, 8.475],
			"rotation": {"angle": 0, "axis": "y", "origin": [10.39134, 23.86194, 8]},
			"faces": {
				"north": {"uv": [12, 6, 12.5, 7.5], "texture": "#0"},
				"east": {"uv": [12, 7.5, 12.5, 9], "texture": "#0"},
				"south": {"uv": [10.5, 12, 11, 13.5], "texture": "#0"},
				"west": {"uv": [11, 12, 11.5, 13.5], "texture": "#0"},
				"up": {"uv": [10.5, 9.5, 10, 9], "texture": "#0"},
				"down": {"uv": [11.5, 1.5, 11, 2], "texture": "#0"}
			}
		},
		{
			"name": "left_spike",
			"from": [8.07926, 19.88478, 7.45],
			"to": [10.07926, 25.88478, 8.55],
			"rotation": {"angle": -45, "axis": "z", "origin": [9.07926, 22.88478, 8]},
			"faces": {
				"north": {"uv": [4, 7, 5, 10], "texture": "#0"},
				"east": {"uv": [3.5, 10.5, 4, 13.5], "texture": "#0"},
				"south": {"uv": [5, 7, 6, 10], "texture": "#0"},
				"west": {"uv": [8.5, 11, 9, 14], "texture": "#0"},
				"up": {"uv": [8.5, 9.5, 7.5, 9], "texture": "#0"},
				"down": {"uv": [14, 0, 13, 0.5], "texture": "#0"}
			}
		},
		{
			"name": "right_spike",
			"from": [5.5, 24, 7.525],
			"to": [8.5, 29, 8.475],
			"rotation": {"angle": 0, "axis": "y", "origin": [8, -3, 8]},
			"faces": {
				"north": {"uv": [6, 3, 7.5, 5.5], "texture": "#0"},
				"east": {"uv": [10, 11, 10.5, 13.5], "texture": "#0"},
				"south": {"uv": [6, 5.5, 7.5, 8], "texture": "#0"},
				"west": {"uv": [0, 11.5, 0.5, 14], "texture": "#0"},
				"up": {"uv": [14, 3, 12.5, 2.5], "texture": "#0"},
				"down": {"uv": [14, 3, 12.5, 3.5], "texture": "#0"}
			}
		},
		{
			"name": "right_spike",
			"from": [5, 22.9, 8],
			"to": [9, 29.4, 8],
			"rotation": {"angle": 0, "axis": "y", "origin": [8, -3.1, 8]},
			"faces": {
				"north": {"uv": [4, 0, 6, 3.5], "texture": "#0"},
				"east": {"uv": [0, 0, 0, 3.5], "texture": "#0"},
				"south": {"uv": [4, 3.5, 6, 7], "texture": "#0"},
				"west": {"uv": [0, 0, 0, 3.5], "texture": "#0"},
				"up": {"uv": [2, 0, 0, 0], "texture": "#0"},
				"down": {"uv": [2, 0, 0, 0], "texture": "#0"}
			}
		},
		{
			"name": "right_spike",
			"from": [7.75, 17, 7.525],
			"to": [8.75, 21.75, 8.475],
			"rotation": {"angle": -22.5, "axis": "z", "origin": [7.25, 19.5, 8]},
			"faces": {
				"north": {"uv": [0.5, 11.5, 1, 14], "texture": "#0"},
				"east": {"uv": [1, 11.5, 1.5, 14], "texture": "#0"},
				"south": {"uv": [11.5, 1.5, 12, 4], "texture": "#0"},
				"west": {"uv": [4, 11.5, 4.5, 14], "texture": "#0"},
				"up": {"uv": [14, 6, 13.5, 5.5], "texture": "#0"},
				"down": {"uv": [14, 6, 13.5, 6.5], "texture": "#0"}
			}
		},
		{
			"name": "left_spike",
			"from": [5.25, 17, 7.525],
			"to": [6.25, 21.75, 8.475],
			"rotation": {"angle": 22.5, "axis": "z", "origin": [6.75, 19.5, 8]},
			"faces": {
				"north": {"uv": [11.5, 4, 12, 6.5], "texture": "#0"},
				"east": {"uv": [4.5, 11.5, 5, 14], "texture": "#0"},
				"south": {"uv": [5, 11.5, 5.5, 14], "texture": "#0"},
				"west": {"uv": [11.5, 6.5, 12, 9], "texture": "#0"},
				"up": {"uv": [10.5, 14, 10, 13.5], "texture": "#0"},
				"down": {"uv": [14, 10, 13.5, 10.5], "texture": "#0"}
			}
		},
		{
			"name": "left_spike",
			"from": [9.28934, 27.24645, 7.55],
			"to": [10.28934, 28.84645, 8.45],
			"rotation": {"angle": -22.5, "axis": "z", "origin": [9.78934, 25.74645, 8]},
			"faces": {
				"north": {"uv": [5.5, 10, 6, 11], "texture": "#0"},
				"east": {"uv": [13, 0.5, 13.5, 1.5], "texture": "#0"},
				"south": {"uv": [13, 3.5, 13.5, 4.5], "texture": "#0"},
				"west": {"uv": [13, 4.5, 13.5, 5.5], "texture": "#0"},
				"up": {"uv": [13.5, 12, 13, 11.5], "texture": "#0"},
				"down": {"uv": [13.5, 12, 13, 12.5], "texture": "#0"}
			}
		},
		{
			"name": "right_spike",
			"from": [3.92074, 19.88478, 7.45],
			"to": [5.92074, 25.88478, 8.55],
			"rotation": {"angle": 45, "axis": "z", "origin": [4.92074, 22.88478, 8]},
			"faces": {
				"north": {"uv": [7.5, 3, 8.5, 6], "texture": "#0"},
				"east": {"uv": [9, 11, 9.5, 14], "texture": "#0"},
				"south": {"uv": [7.5, 6, 8.5, 9], "texture": "#0"},
				"west": {"uv": [9.5, 11, 10, 14], "texture": "#0"},
				"up": {"uv": [14, 9.5, 13, 9], "texture": "#0"},
				"down": {"uv": [14, 9.5, 13, 10], "texture": "#0"}
			}
		},
		{
			"name": "right_spike",
			"from": [3.10866, 24.36194, 7.5],
			"to": [4.10866, 27.36194, 8.45],
			"rotation": {"angle": 0, "axis": "y", "origin": [3.60866, 23.86194, 8]},
			"faces": {
				"north": {"uv": [12.5, 3.5, 13, 5], "texture": "#0"},
				"east": {"uv": [12.5, 5, 13, 6.5], "texture": "#0"},
				"south": {"uv": [5.5, 12.5, 6, 14], "texture": "#0"},
				"west": {"uv": [6, 12.5, 6.5, 14], "texture": "#0"},
				"up": {"uv": [14, 1.5, 13.5, 1], "texture": "#0"},
				"down": {"uv": [4, 13.5, 3.5, 14], "texture": "#0"}
			}
		},
		{
			"name": "right_spike",
			"from": [2.10866, 24.36194, 7.5],
			"to": [3.10866, 28.36194, 8.5],
			"rotation": {"angle": 0, "axis": "y", "origin": [2.60866, 23.86194, 8]},
			"faces": {
				"north": {"uv": [12, 2, 12.5, 4], "texture": "#0"},
				"east": {"uv": [2.5, 12, 3, 14], "texture": "#0"},
				"south": {"uv": [3, 12, 3.5, 14], "texture": "#0"},
				"west": {"uv": [12, 4, 12.5, 6], "texture": "#0"},
				"up": {"uv": [13.5, 13.5, 13, 13], "texture": "#0"},
				"down": {"uv": [14, 0.5, 13.5, 1], "texture": "#0"}
			}
		},
		{
			"name": "right_spike",
			"from": [3.71066, 27.24645, 7.525],
			"to": [4.71066, 28.84645, 8.425],
			"rotation": {"angle": 22.5, "axis": "z", "origin": [4.21066, 25.74645, 8]},
			"faces": {
				"north": {"uv": [13, 5.5, 13.5, 6.5], "texture": "#0"},
				"east": {"uv": [6.5, 13, 7, 14], "texture": "#0"},
				"south": {"uv": [7, 13, 7.5, 14], "texture": "#0"},
				"west": {"uv": [7.5, 13, 8, 14], "texture": "#0"},
				"up": {"uv": [13, 13.5, 12.5, 13], "texture": "#0"},
				"down": {"uv": [13.5, 12.5, 13, 13], "texture": "#0"}
			}
		},
		{
			"name": "middle_spike",
			"from": [5.5, 28, 7.5],
			"to": [8.5, 31, 8.5],
			"rotation": {"angle": 45, "axis": "z", "origin": [7, 29.5, 8]},
			"faces": {
				"north": {"uv": [6, 8, 7.5, 9.5], "texture": "#0"},
				"east": {"uv": [12, 11, 12.5, 12.5], "texture": "#0"},
				"south": {"uv": [8.5, 2, 10, 3.5], "texture": "#0"},
				"west": {"uv": [12.5, 0, 13, 1.5], "texture": "#0"},
				"up": {"uv": [14, 2, 12.5, 1.5], "texture": "#0"},
				"down": {"uv": [14, 2, 12.5, 2.5], "texture": "#0"}
			}
		},
		{
			"from": [6, -0.75, 6.75],
			"to": [9, 2.25, 9.25],
			"rotation": {"angle": 45, "axis": "z", "origin": [7, 0.25, 8]},
			"faces": {
				"north": {"uv": [8.5, 3.5, 10, 5], "texture": "#0"},
				"east": {"uv": [8.5, 5, 10, 6.5], "texture": "#0"},
				"south": {"uv": [8.5, 6.5, 10, 8], "texture": "#0"},
				"west": {"uv": [8.5, 8, 10, 9.5], "texture": "#0"},
				"up": {"uv": [7.5, 11, 6, 9.5], "texture": "#0"},
				"down": {"uv": [9, 9.5, 7.5, 11], "texture": "#0"}
			}
		}
	],
	"gui_light": "front",
	"display": {
		"thirdperson_righthand": {
			"rotation": [0, 90, 0],
			"translation": [0.75, -5.75, 0.5]
		},
		"firstperson_righthand": {
			"translation": [3.75, -2.25, 0],
			"scale": [0.5, 0.5, 0.5]
		},
		"firstperson_lefthand": {
			"translation": [3.75, -2.25, 0],
			"scale": [0.5, 0.5, 0.5]
		},
		"gui": {
			"rotation": [7, -29, -35],
			"translation": [-1.5, -3.75, 0],
			"scale": [0.5, 0.5, 0.5]
		}
	}
}