{
	"credit": "Made with Blockbench",
	"textures": {
		"1": "minecraft:item/custom/items/gifts/3"
	},
	"elements": [
		{
			"from": [0.5, 12, 0.5],
			"to": [15.5, 20, 15.5],
			"rotation": {"angle": 0, "axis": "y", "origin": [-0.5, 12, 0.5]},
			"faces": {
				"north": {"uv": [4, 8, 8, 10], "texture": "#1"},
				"east": {"uv": [8, 4, 12, 6], "texture": "#1"},
				"south": {"uv": [8, 6, 12, 8], "texture": "#1"},
				"west": {"uv": [8, 8, 12, 10], "texture": "#1"},
				"up": {"uv": [4, 4, 0, 0], "texture": "#1"},
				"down": {"uv": [4, 4, 0, 8], "texture": "#1"}
			}
		},
		{
			"from": [0, 19, 0],
			"to": [16, 26, 16],
			"rotation": {"angle": 0, "axis": "y", "origin": [0, 11, 0]},
			"faces": {
				"north": {"uv": [4, 10, 8, 11.75], "texture": "#1"},
				"east": {"uv": [8, 10, 12, 11.75], "texture": "#1"},
				"south": {"uv": [4, 11.75, 8, 13.5], "texture": "#1"},
				"west": {"uv": [8, 11.75, 12, 13.5], "texture": "#1"},
				"up": {"uv": [8, 4, 4, 0], "texture": "#1"},
				"down": {"uv": [8, 4, 4, 8], "texture": "#1"}
			}
		},
		{
			"from": [7, 19.05, -0.25],
			"to": [9, 26.3, -0.25],
			"rotation": {"angle": 0, "axis": "y", "origin": [0, 11.3, 0]},
			"faces": {
				"north": {"uv": [3, 12, 3.5, 13.75], "texture": "#1"},
				"east": {"uv": [0, 0, 0, 1.75], "texture": "#1"},
				"south": {"uv": [3.5, 12, 4, 13.75], "texture": "#1"},
				"west": {"uv": [0, 0, 0, 1.75], "texture": "#1"},
				"up": {"uv": [0.5, 0, 0, 0], "texture": "#1"},
				"down": {"uv": [0.5, 0, 0, 0], "texture": "#1"}
			}
		},
		{
			"from": [7, 19.05, 16.25],
			"to": [9, 26.3, 16.25],
			"rotation": {"angle": 0, "axis": "y", "origin": [8, 22.8, 16.25]},
			"faces": {
				"north": {"uv": [12, 4.5, 12.5, 6.25], "texture": "#1"},
				"east": {"uv": [0, 0, 0, 1.75], "texture": "#1"},
				"south": {"uv": [12, 6.25, 12.5, 8], "texture": "#1"},
				"west": {"uv": [0, 0, 0, 1.75], "texture": "#1"},
				"up": {"uv": [0.5, 0, 0, 0], "texture": "#1"},
				"down": {"uv": [0.5, 0, 0, 0], "texture": "#1"}
			}
		},
		{
			"from": [-0.25, 19.05, 7],
			"to": [-0.25, 26.3, 9],
			"rotation": {"angle": 0, "axis": "y", "origin": [8, 22.8, 8]},
			"faces": {
				"north": {"uv": [0, 0, 0, 1.75], "texture": "#1"},
				"east": {"uv": [12, 8, 12.5, 9.75], "texture": "#1"},
				"south": {"uv": [0, 0, 0, 1.75], "texture": "#1"},
				"west": {"uv": [12, 9.75, 12.5, 11.5], "texture": "#1"},
				"up": {"uv": [0, 0.5, 0, 0], "texture": "#1"},
				"down": {"uv": [0, 0, 0, 0.5], "texture": "#1"}
			}
		},
		{
			"from": [16.25, 19.05, 7],
			"to": [16.25, 26.3, 9],
			"rotation": {"angle": 0, "axis": "y", "origin": [8, 22.8, 8]},
			"faces": {
				"north": {"uv": [0, 0, 0, 1.75], "texture": "#1"},
				"east": {"uv": [12, 11.5, 12.5, 13.25], "texture": "#1"},
				"south": {"uv": [0, 0, 0, 1.75], "texture": "#1"},
				"west": {"uv": [12.5, 4.5, 13, 6.25], "texture": "#1"},
				"up": {"uv": [0, 0.5, 0, 0], "texture": "#1"},
				"down": {"uv": [0, 0, 0, 0.5], "texture": "#1"}
			}
		},
		{
			"from": [-0.2, 26.25, -0.2],
			"to": [16.2, 26.25, 16.2],
			"rotation": {"angle": 0, "axis": "y", "origin": [0, 10.25, 0]},
			"faces": {
				"north": {"uv": [0, 0, 4, 0], "texture": "#1"},
				"east": {"uv": [0, 0, 4, 0], "texture": "#1"},
				"south": {"uv": [0, 0, 4, 0], "texture": "#1"},
				"west": {"uv": [0, 0, 4, 0], "texture": "#1"},
				"up": {"uv": [4, 12, 0, 8], "texture": "#1"},
				"down": {"uv": [12, 0, 8, 4], "texture": "#1"}
			}
		},
		{
			"from": [6.5, 26, 6.5],
			"to": [9.5, 28, 9.5],
			"rotation": {"angle": 0, "axis": "y", "origin": [0.5, 11, 0.5]},
			"faces": {
				"north": {"uv": [2.25, 12.75, 3, 13.25], "texture": "#1"},
				"east": {"uv": [13, 4.5, 13.75, 5], "texture": "#1"},
				"south": {"uv": [13, 5, 13.75, 5.5], "texture": "#1"},
				"west": {"uv": [13, 5.5, 13.75, 6], "texture": "#1"},
				"up": {"uv": [1.5, 13.5, 0.75, 12.75], "texture": "#1"},
				"down": {"uv": [2.25, 12.75, 1.5, 13.5], "texture": "#1"}
			}
		},
		{
			"from": [8.9034, 27.07379, 6.5],
			"to": [8.9034, 31.07379, 9.5],
			"rotation": {"angle": 22.5, "axis": "z", "origin": [11.9034, 30.07379, 8]},
			"faces": {
				"north": {"uv": [0, 0, 0, 1], "texture": "#1"},
				"east": {"uv": [12.5, 6.25, 13.25, 7.25], "texture": "#1"},
				"south": {"uv": [0, 0, 0, 1], "texture": "#1"},
				"west": {"uv": [12.5, 7.25, 13.25, 8.25], "texture": "#1"},
				"up": {"uv": [0, 0.75, 0, 0], "texture": "#1"},
				"down": {"uv": [0, 0, 0, 0.75], "texture": "#1"}
			}
		},
		{
			"from": [8.9034, 27.07379, 6.5],
			"to": [14.9034, 27.07379, 9.5],
			"rotation": {"angle": 22.5, "axis": "z", "origin": [11.9034, 30.07379, 8]},
			"faces": {
				"north": {"uv": [0, 0, 1.5, 0], "texture": "#1"},
				"east": {"uv": [0, 0, 0.75, 0], "texture": "#1"},
				"south": {"uv": [0, 0, 1.5, 0], "texture": "#1"},
				"west": {"uv": [0, 0, 0.75, 0], "texture": "#1"},
				"up": {"uv": [1.5, 12.75, 0, 12], "texture": "#1"},
				"down": {"uv": [13.5, 0, 12, 0.75], "texture": "#1"}
			}
		},
		{
			"from": [14.9034, 27.07379, 6.5],
			"to": [14.9034, 31.07379, 9.5],
			"rotation": {"angle": 22.5, "axis": "z", "origin": [11.9034, 30.07379, 8]},
			"faces": {
				"north": {"uv": [0, 0, 0, 1], "texture": "#1"},
				"east": {"uv": [12.5, 8.25, 13.25, 9.25], "texture": "#1"},
				"south": {"uv": [0, 0, 0, 1], "texture": "#1"},
				"west": {"uv": [12.5, 9.25, 13.25, 10.25], "texture": "#1"},
				"up": {"uv": [0, 0.75, 0, 0], "texture": "#1"},
				"down": {"uv": [0, 0, 0, 0.75], "texture": "#1"}
			}
		},
		{
			"from": [8.9034, 31.07379, 6.5],
			"to": [14.9034, 31.07379, 9.5],
			"rotation": {"angle": 22.5, "axis": "z", "origin": [11.9034, 30.07379, 8]},
			"faces": {
				"north": {"uv": [0, 0, 1.5, 0], "texture": "#1"},
				"east": {"uv": [0, 0, 0.75, 0], "texture": "#1"},
				"south": {"uv": [0, 0, 1.5, 0], "texture": "#1"},
				"west": {"uv": [0, 0, 0.75, 0], "texture": "#1"},
				"up": {"uv": [13.5, 1.5, 12, 0.75], "texture": "#1"},
				"down": {"uv": [3, 12, 1.5, 12.75], "texture": "#1"}
			}
		},
		{
			"from": [1.0966, 27.07379, 6.5],
			"to": [7.0966, 27.07379, 9.5],
			"rotation": {"angle": -22.5, "axis": "z", "origin": [4.0966, 30.07379, 8]},
			"faces": {
				"north": {"uv": [0, 0, 1.5, 0], "texture": "#1"},
				"east": {"uv": [0, 0, 0.75, 0], "texture": "#1"},
				"south": {"uv": [0, 0, 1.5, 0], "texture": "#1"},
				"west": {"uv": [0, 0, 0.75, 0], "texture": "#1"},
				"up": {"uv": [13.5, 2.25, 12, 1.5], "texture": "#1"},
				"down": {"uv": [13.5, 2.25, 12, 3], "texture": "#1"}
			}
		},
		{
			"from": [7.0966, 27.07379, 6.5],
			"to": [7.0966, 31.07379, 9.5],
			"rotation": {"angle": -22.5, "axis": "z", "origin": [4.0966, 30.07379, 8]},
			"faces": {
				"north": {"uv": [0, 0, 0, 1], "texture": "#1"},
				"east": {"uv": [12.5, 10.25, 13.25, 11.25], "texture": "#1"},
				"south": {"uv": [0, 0, 0, 1], "texture": "#1"},
				"west": {"uv": [12.5, 11.25, 13.25, 12.25], "texture": "#1"},
				"up": {"uv": [0, 0.75, 0, 0], "texture": "#1"},
				"down": {"uv": [0, 0, 0, 0.75], "texture": "#1"}
			}
		},
		{
			"from": [1.0966, 31.07379, 6.5],
			"to": [7.0966, 31.07379, 9.5],
			"rotation": {"angle": -22.5, "axis": "z", "origin": [4.0966, 30.07379, 8]},
			"faces": {
				"north": {"uv": [0, 0, 1.5, 0], "texture": "#1"},
				"east": {"uv": [0, 0, 0.75, 0], "texture": "#1"},
				"south": {"uv": [0, 0, 1.5, 0], "texture": "#1"},
				"west": {"uv": [0, 0, 0.75, 0], "texture": "#1"},
				"up": {"uv": [13.5, 3.75, 12, 3], "texture": "#1"},
				"down": {"uv": [13.5, 3.75, 12, 4.5], "texture": "#1"}
			}
		},
		{
			"from": [1.0966, 27.07379, 6.5],
			"to": [1.0966, 31.07379, 9.5],
			"rotation": {"angle": -22.5, "axis": "z", "origin": [4.0966, 30.07379, 8]},
			"faces": {
				"north": {"uv": [0, 0, 0, 1], "texture": "#1"},
				"east": {"uv": [12.5, 12.25, 13.25, 13.25], "texture": "#1"},
				"south": {"uv": [0, 0, 0, 1], "texture": "#1"},
				"west": {"uv": [0, 12.75, 0.75, 13.75], "texture": "#1"},
				"up": {"uv": [0, 0.75, 0, 0], "texture": "#1"},
				"down": {"uv": [0, 0, 0, 0.75], "texture": "#1"}
			}
		}
	],
	"gui_light": "front",
	"display": {
		"thirdperson_righthand": {
			"rotation": [45, 22.5, 0],
			"translation": [-3.25, -1.25, -2],
			"scale": [0.5, 0.5, 0.5]
		},
		"thirdperson_lefthand": {
			"rotation": [45, 22.5, 0],
			"translation": [0, -0.75, -2.5],
			"scale": [0.5, 0.5, 0.5]
		},
		"firstperson_righthand": {
			"rotation": [10, 157.5, 0],
			"translation": [-1, -7, -4.5],
			"scale": [0.7, 0.7, 0.7]
		},
		"firstperson_lefthand": {
			"rotation": [10, 157.5, 0],
			"translation": [-1, -7, -4.5],
			"scale": [0.7, 0.7, 0.7]
		},
		"ground": {
			"translation": [0, -5, 0],
			"scale": [0.7, 0.7, 0.7]
		},
		"gui": {
			"rotation": [20, 145, 0],
			"translation": [0, -8.5, 0],
			"scale": [0.7, 0.7, 0.7]
		},
		"fixed": {
			"rotation": [-90, 0, 0],
			"translation": [0, 0, -53.5],
			"scale": [1.9, 1.9, 1.9]
		}
	},
	"groups": [
		{
			"name": "group",
			"origin": [4.0966, 18.07379, 8],
			"color": 0,
			"children": [0, 1, 2, 3, 4, 5, 6, 7, 8, 9, 10, 11, 12, 13, 14, 15]
		}
	]
}