{
	"format_version": "1.9.0",
	"texture_size": [128, 128],
	"textures": {
		"0": "item/chest/lootbox3",
		"particle": "item/chest/lootbox3"
	},
	"elements": [
		{
			"from": [0.5, 4, 13.5],
			"to": [2.5, 13, 15.5],
			"rotation": {"angle": 0, "axis": "y", "origin": [-13.5, 2, 13.5]},
			"faces": {
				"north": {"uv": [5.75, 7.375, 6, 8.5], "texture": "#0"},
				"east": {"uv": [6, 7.375, 6.25, 8.5], "texture": "#0"},
				"south": {"uv": [6.25, 7.375, 6.5, 8.5], "texture": "#0"},
				"west": {"uv": [6.5, 7.375, 6.75, 8.5], "texture": "#0"},
				"up": {"uv": [5.5, 6.25, 5.25, 6], "texture": "#0"},
				"down": {"uv": [3.5, 6.25, 3.25, 6.5], "texture": "#0"}
			}
		},
		{
			"from": [0, 0, 0],
			"to": [16, 2, 16],
			"faces": {
				"north": {"uv": [5.5, 1.5, 7.5, 1.75], "texture": "#0"},
				"east": {"uv": [7, 1.75, 9, 2], "texture": "#0"},
				"south": {"uv": [7, 2, 9, 2.25], "texture": "#0"},
				"west": {"uv": [7, 2.25, 9, 2.5], "texture": "#0"},
				"up": {"uv": [2, 2, 0, 0], "texture": "#0"},
				"down": {"uv": [2, 2, 0, 4], "texture": "#0"}
			}
		},
		{
			"from": [1, 10.25, 1],
			"to": [15, 14.25, 15],
			"rotation": {"angle": 0, "axis": "y", "origin": [0, 2.25, 0]},
			"faces": {
				"north": {"uv": [5.5, 1, 7.25, 1.5], "texture": "#0"},
				"east": {"uv": [5.5, 4.75, 7.25, 5.25], "texture": "#0"},
				"south": {"uv": [5.5, 5.25, 7.25, 5.75], "texture": "#0"},
				"west": {"uv": [5.5, 5.75, 7.25, 6.25], "texture": "#0"},
				"up": {"uv": [3.75, 1.75, 2, 0], "texture": "#0"},
				"down": {"uv": [3.75, 1.75, 2, 3.5], "texture": "#0"}
			}
		},
		{
			"from": [1, 14.25, 8],
			"to": [15, 18.25, 8],
			"rotation": {"angle": 0, "axis": "y", "origin": [0, 6.25, 0]},
			"faces": {
				"north": {"uv": [0, 6, 1.75, 6.5], "texture": "#0"},
				"east": {"uv": [0, 0, 0, 0.5], "texture": "#0"},
				"south": {"uv": [3.5, 6, 5.25, 6.5], "texture": "#0"},
				"west": {"uv": [0, 0, 0, 0.5], "texture": "#0"},
				"up": {"uv": [1.75, 0, 0, 0], "texture": "#0"},
				"down": {"uv": [1.75, 0, 0, 0], "texture": "#0"}
			}
		},
		{
			"from": [-1, 1.25, 8],
			"to": [3, 13.25, 8],
			"rotation": {"angle": 22.5, "axis": "z", "origin": [-2, 5.25, 0]},
			"faces": {
				"north": {"uv": [1.75, 6.25, 2.25, 7.75], "texture": "#0"},
				"east": {"uv": [0, 0, 0, 1.5], "texture": "#0"},
				"south": {"uv": [2.25, 6.25, 2.75, 7.75], "texture": "#0"},
				"west": {"uv": [0, 0, 0, 1.5], "texture": "#0"},
				"up": {"uv": [0.5, 0, 0, 0], "texture": "#0"},
				"down": {"uv": [0.5, 0, 0, 0], "texture": "#0"}
			}
		},
		{
			"from": [13, 1.25, 8],
			"to": [17, 13.25, 8],
			"rotation": {"angle": -22.5, "axis": "z", "origin": [18, 5.25, 0]},
			"faces": {
				"north": {"uv": [2.75, 6.25, 3.25, 7.75], "texture": "#0"},
				"east": {"uv": [0, 0, 0, 1.5], "texture": "#0"},
				"south": {"uv": [5.25, 6.25, 5.75, 7.75], "texture": "#0"},
				"west": {"uv": [0, 0, 0, 1.5], "texture": "#0"},
				"up": {"uv": [0.5, 0, 0, 0], "texture": "#0"},
				"down": {"uv": [0.5, 0, 0, 0], "texture": "#0"}
			}
		},
		{
			"from": [13.25, 2, 0.25],
			"to": [15.75, 4, 2.75],
			"rotation": {"angle": 0, "axis": "y", "origin": [-0.25, 0, 0.25]},
			"faces": {
				"north": {"uv": [8.25, 2.75, 8.625, 3], "texture": "#0"},
				"east": {"uv": [2.875, 8.25, 3.25, 8.5], "texture": "#0"},
				"south": {"uv": [8.25, 3, 8.625, 3.25], "texture": "#0"},
				"west": {"uv": [3.25, 8.25, 3.625, 8.5], "texture": "#0"},
				"up": {"uv": [8.125, 6, 7.75, 5.625], "texture": "#0"},
				"down": {"uv": [8.125, 7, 7.75, 7.375], "texture": "#0"}
			}
		},
		{
			"from": [2.75, 2, 0.25],
			"to": [13.25, 3, 2.75],
			"rotation": {"angle": 0, "axis": "y", "origin": [-2.75, 0, 0.25]},
			"faces": {
				"north": {"uv": [7.75, 1, 9.125, 1.125], "texture": "#0"},
				"east": {"uv": [8.5, 5.875, 8.875, 6], "texture": "#0"},
				"south": {"uv": [7.75, 4, 9.125, 4.125], "texture": "#0"},
				"west": {"uv": [8.5, 7.25, 8.875, 7.375], "texture": "#0"},
				"up": {"uv": [7.125, 6.625, 5.75, 6.25], "texture": "#0"},
				"down": {"uv": [1.375, 6.5, 0, 6.875], "texture": "#0"}
			}
		},
		{
			"from": [13.25, 2, 13.25],
			"to": [15.75, 4, 15.75],
			"rotation": {"angle": 0, "axis": "y", "origin": [-0.25, 0, 13.75]},
			"faces": {
				"north": {"uv": [8.25, 3.25, 8.625, 3.5], "texture": "#0"},
				"east": {"uv": [8.25, 3.5, 8.625, 3.75], "texture": "#0"},
				"south": {"uv": [3.625, 8.25, 4, 8.5], "texture": "#0"},
				"west": {"uv": [8.25, 3.75, 8.625, 4], "texture": "#0"},
				"up": {"uv": [8.125, 7.75, 7.75, 7.375], "texture": "#0"},
				"down": {"uv": [8.125, 7.75, 7.75, 8.125], "texture": "#0"}
			}
		},
		{
			"from": [13.25, 2, 2.75],
			"to": [15.75, 3, 13.25],
			"rotation": {"angle": 0, "axis": "y", "origin": [-0.25, 0, 11.25]},
			"faces": {
				"north": {"uv": [7.375, 8.5, 7.75, 8.625], "texture": "#0"},
				"east": {"uv": [7.75, 4.125, 9.125, 4.25], "texture": "#0"},
				"south": {"uv": [8.5, 7.375, 8.875, 7.5], "texture": "#0"},
				"west": {"uv": [7.75, 4.25, 9.125, 4.375], "texture": "#0"},
				"up": {"uv": [1.75, 7.875, 1.375, 6.5], "texture": "#0"},
				"down": {"uv": [3.625, 6.5, 3.25, 7.875], "texture": "#0"}
			}
		},
		{
			"from": [0.25, 2, 0.25],
			"to": [2.75, 4, 2.75],
			"rotation": {"angle": 0, "axis": "y", "origin": [-13.75, 0, 0.25]},
			"faces": {
				"north": {"uv": [8.25, 8.125, 8.625, 8.375], "texture": "#0"},
				"east": {"uv": [8.375, 0, 8.75, 0.25], "texture": "#0"},
				"south": {"uv": [8.375, 0.25, 8.75, 0.5], "texture": "#0"},
				"west": {"uv": [8.375, 0.5, 8.75, 0.75], "texture": "#0"},
				"up": {"uv": [8.25, 1.5, 7.875, 1.125], "texture": "#0"},
				"down": {"uv": [1.75, 7.875, 1.375, 8.25], "texture": "#0"}
			}
		},
		{
			"from": [0.25, 2, 2.75],
			"to": [2.75, 3, 13.25],
			"rotation": {"angle": 0, "axis": "y", "origin": [-13.75, 0, 2.75]},
			"faces": {
				"north": {"uv": [8.5, 7.5, 8.875, 7.625], "texture": "#0"},
				"east": {"uv": [7.75, 4.375, 9.125, 4.5], "texture": "#0"},
				"south": {"uv": [8.5, 7.625, 8.875, 7.75], "texture": "#0"},
				"west": {"uv": [7.75, 4.5, 9.125, 4.625], "texture": "#0"},
				"up": {"uv": [4, 7.875, 3.625, 6.5], "texture": "#0"},
				"down": {"uv": [4.375, 6.5, 4, 7.875], "texture": "#0"}
			}
		},
		{
			"from": [0.25, 2, 13.25],
			"to": [2.75, 4, 15.75],
			"rotation": {"angle": 0, "axis": "y", "origin": [-13.75, 0, 13.75]},
			"faces": {
				"north": {"uv": [8.375, 1.5, 8.75, 1.75], "texture": "#0"},
				"east": {"uv": [1.75, 8.375, 2.125, 8.625], "texture": "#0"},
				"south": {"uv": [2.125, 8.375, 2.5, 8.625], "texture": "#0"},
				"west": {"uv": [4, 8.375, 4.375, 8.625], "texture": "#0"},
				"up": {"uv": [8.25, 2.875, 7.875, 2.5], "texture": "#0"},
				"down": {"uv": [8.25, 2.875, 7.875, 3.25], "texture": "#0"}
			}
		},
		{
			"from": [2.75, 2, 13.25],
			"to": [13.25, 3, 15.75],
			"rotation": {"angle": 0, "axis": "y", "origin": [-11.25, 0, 13.75]},
			"faces": {
				"north": {"uv": [7.75, 4.625, 9.125, 4.75], "texture": "#0"},
				"east": {"uv": [7.75, 8.5, 8.125, 8.625], "texture": "#0"},
				"south": {"uv": [7.75, 4.75, 9.125, 4.875], "texture": "#0"},
				"west": {"uv": [8.5, 7.75, 8.875, 7.875], "texture": "#0"},
				"up": {"uv": [7.125, 7, 5.75, 6.625], "texture": "#0"},
				"down": {"uv": [1.375, 6.875, 0, 7.25], "texture": "#0"}
			}
		},
		{
			"from": [0.5, 4, 0.5],
			"to": [2.5, 14, 2.5],
			"rotation": {"angle": 0, "axis": "y", "origin": [-13.5, 2, 0.5]},
			"faces": {
				"north": {"uv": [1.75, 4, 2, 5.25], "texture": "#0"},
				"east": {"uv": [1.125, 7.25, 1.375, 8.5], "texture": "#0"},
				"south": {"uv": [7.25, 4.75, 7.5, 6], "texture": "#0"},
				"west": {"uv": [7.375, 2.5, 7.625, 3.75], "texture": "#0"},
				"up": {"uv": [7.5, 1.125, 7.25, 0.875], "texture": "#0"},
				"down": {"uv": [1.375, 8.5, 1.125, 8.75], "texture": "#0"}
			}
		},
		{
			"from": [13.5, 4, 13.5],
			"to": [15.5, 13, 15.5],
			"rotation": {"angle": 0, "axis": "y", "origin": [-0.5, 2, 13.5]},
			"faces": {
				"north": {"uv": [6.75, 7.375, 7, 8.5], "texture": "#0"},
				"east": {"uv": [7, 7.375, 7.25, 8.5], "texture": "#0"},
				"south": {"uv": [7.25, 7.375, 7.5, 8.5], "texture": "#0"},
				"west": {"uv": [7.5, 0, 7.75, 1.125], "texture": "#0"},
				"up": {"uv": [8.75, 5.875, 8.5, 5.625], "texture": "#0"},
				"down": {"uv": [6.125, 8.5, 5.875, 8.75], "texture": "#0"}
			}
		},
		{
			"from": [13.5, 4, 0.5],
			"to": [15.5, 13, 2.5],
			"rotation": {"angle": 0, "axis": "y", "origin": [-0.5, 2, 0.5]},
			"faces": {
				"north": {"uv": [7.5, 3.75, 7.75, 4.875], "texture": "#0"},
				"east": {"uv": [7.5, 4.875, 7.75, 6], "texture": "#0"},
				"south": {"uv": [7.5, 7, 7.75, 8.125], "texture": "#0"},
				"west": {"uv": [7.625, 2.5, 7.875, 3.625], "texture": "#0"},
				"up": {"uv": [6.375, 8.75, 6.125, 8.5], "texture": "#0"},
				"down": {"uv": [6.625, 8.5, 6.375, 8.75], "texture": "#0"}
			}
		},
		{
			"from": [0, 11, 0],
			"to": [3, 12, 3],
			"rotation": {"angle": 0, "axis": "y", "origin": [-13.75, 8, 0.25]},
			"faces": {
				"north": {"uv": [8.5, 7.875, 8.875, 8], "texture": "#0"},
				"east": {"uv": [8.5, 8, 8.875, 8.125], "texture": "#0"},
				"south": {"uv": [8.625, 0.75, 9, 0.875], "texture": "#0"},
				"west": {"uv": [8.625, 0.875, 9, 1], "texture": "#0"},
				"up": {"uv": [3.5, 8.25, 3.125, 7.875], "texture": "#0"},
				"down": {"uv": [8.25, 3.25, 7.875, 3.625], "texture": "#0"}
			}
		},
		{
			"from": [0, 11, 13],
			"to": [3, 12, 16],
			"rotation": {"angle": 0, "axis": "y", "origin": [-13.75, 8, 13.25]},
			"faces": {
				"north": {"uv": [8.625, 1.125, 9, 1.25], "texture": "#0"},
				"east": {"uv": [8.625, 1.25, 9, 1.375], "texture": "#0"},
				"south": {"uv": [1.375, 8.625, 1.75, 8.75], "texture": "#0"},
				"west": {"uv": [8.625, 1.375, 9, 1.5], "texture": "#0"},
				"up": {"uv": [3.875, 8.25, 3.5, 7.875], "texture": "#0"},
				"down": {"uv": [4.25, 7.875, 3.875, 8.25], "texture": "#0"}
			}
		},
		{
			"from": [13, 11, 13],
			"to": [16, 12, 16],
			"rotation": {"angle": 0, "axis": "y", "origin": [-0.75, 8, 13.25]},
			"faces": {
				"north": {"uv": [1.75, 8.625, 2.125, 8.75], "texture": "#0"},
				"east": {"uv": [2.125, 8.625, 2.5, 8.75], "texture": "#0"},
				"south": {"uv": [8.625, 2.75, 9, 2.875], "texture": "#0"},
				"west": {"uv": [8.625, 2.875, 9, 3], "texture": "#0"},
				"up": {"uv": [2.125, 8.375, 1.75, 8], "texture": "#0"},
				"down": {"uv": [2.5, 8, 2.125, 8.375], "texture": "#0"}
			}
		},
		{
			"from": [13, 11, 0],
			"to": [16, 12, 3],
			"rotation": {"angle": 0, "axis": "y", "origin": [-0.75, 8, 0.25]},
			"faces": {
				"north": {"uv": [8.625, 3, 9, 3.125], "texture": "#0"},
				"east": {"uv": [8.625, 3.125, 9, 3.25], "texture": "#0"},
				"south": {"uv": [8.625, 3.25, 9, 3.375], "texture": "#0"},
				"west": {"uv": [8.625, 3.375, 9, 3.5], "texture": "#0"},
				"up": {"uv": [4.625, 8.375, 4.25, 8], "texture": "#0"},
				"down": {"uv": [5, 8, 4.625, 8.375], "texture": "#0"}
			}
		},
		{
			"from": [13, 13, 13],
			"to": [16, 15, 16],
			"rotation": {"angle": 0, "axis": "y", "origin": [-0.75, 11, 13.25]},
			"faces": {
				"north": {"uv": [4.375, 8.375, 4.75, 8.625], "texture": "#0"},
				"east": {"uv": [4.75, 8.375, 5.125, 8.625], "texture": "#0"},
				"south": {"uv": [8.375, 4.875, 8.75, 5.125], "texture": "#0"},
				"west": {"uv": [5.125, 8.375, 5.5, 8.625], "texture": "#0"},
				"up": {"uv": [5.375, 8.375, 5, 8], "texture": "#0"},
				"down": {"uv": [5.75, 8, 5.375, 8.375], "texture": "#0"}
			}
		},
		{
			"from": [0, 13, 13],
			"to": [3, 15, 16],
			"rotation": {"angle": 0, "axis": "y", "origin": [-13.75, 11, 13.25]},
			"faces": {
				"north": {"uv": [8.375, 5.125, 8.75, 5.375], "texture": "#0"},
				"east": {"uv": [8.375, 5.375, 8.75, 5.625], "texture": "#0"},
				"south": {"uv": [8.375, 6.25, 8.75, 6.5], "texture": "#0"},
				"west": {"uv": [8.375, 6.5, 8.75, 6.75], "texture": "#0"},
				"up": {"uv": [8.375, 6.625, 8, 6.25], "texture": "#0"},
				"down": {"uv": [8.375, 6.625, 8, 7], "texture": "#0"}
			}
		},
		{
			"from": [13, 13, 0],
			"to": [16, 15, 3],
			"rotation": {"angle": 0, "axis": "y", "origin": [-0.75, 11, 0.25]},
			"faces": {
				"north": {"uv": [8.375, 6.75, 8.75, 7], "texture": "#0"},
				"east": {"uv": [8.25, 8.375, 8.625, 8.625], "texture": "#0"},
				"south": {"uv": [0, 8.5, 0.375, 8.75], "texture": "#0"},
				"west": {"uv": [0.375, 8.5, 0.75, 8.75], "texture": "#0"},
				"up": {"uv": [0.375, 8.5, 0, 8.125], "texture": "#0"},
				"down": {"uv": [0.75, 8.125, 0.375, 8.5], "texture": "#0"}
			}
		},
		{
			"from": [0, 13, 0],
			"to": [3, 15, 3],
			"rotation": {"angle": 0, "axis": "y", "origin": [-13.75, 11, 0.25]},
			"faces": {
				"north": {"uv": [0.75, 8.5, 1.125, 8.75], "texture": "#0"},
				"east": {"uv": [2.5, 8.5, 2.875, 8.75], "texture": "#0"},
				"south": {"uv": [2.875, 8.5, 3.25, 8.75], "texture": "#0"},
				"west": {"uv": [3.25, 8.5, 3.625, 8.75], "texture": "#0"},
				"up": {"uv": [1.125, 8.5, 0.75, 8.125], "texture": "#0"},
				"down": {"uv": [2.875, 8.125, 2.5, 8.5], "texture": "#0"}
			}
		},
		{
			"from": [6, 7, -0.5],
			"to": [10, 10, 1],
			"rotation": {"angle": 0, "axis": "y", "origin": [0, -4, -6.5]},
			"faces": {
				"north": {"uv": [2.625, 7.75, 3.125, 8.125], "texture": "#0"},
				"east": {"uv": [3.5, 5.25, 3.75, 5.625], "texture": "#0"},
				"south": {"uv": [7.75, 3.625, 8.25, 4], "texture": "#0"},
				"west": {"uv": [3.5, 5.625, 3.75, 6], "texture": "#0"},
				"up": {"uv": [8.625, 6.25, 8.125, 6], "texture": "#0"},
				"down": {"uv": [8.75, 2.5, 8.25, 2.75], "texture": "#0"}
			}
		},
		{
			"from": [6.5, 10.25, 0.25],
			"to": [9.5, 12.25, 1.25],
			"rotation": {"angle": 0, "axis": "y", "origin": [-0.5, -0.75, -5.75]},
			"faces": {
				"north": {"uv": [3.625, 8.5, 4, 8.75], "texture": "#0"},
				"east": {"uv": [5.375, 4.75, 5.5, 5], "texture": "#0"},
				"south": {"uv": [5.5, 8.5, 5.875, 8.75], "texture": "#0"},
				"west": {"uv": [7.375, 4.125, 7.5, 4.375], "texture": "#0"},
				"up": {"uv": [9, 3.625, 8.625, 3.5], "texture": "#0"},
				"down": {"uv": [9, 3.625, 8.625, 3.75], "texture": "#0"}
			}
		},
		{
			"from": [6.5, 11, -0.25],
			"to": [9.5, 11.5, 0.25],
			"rotation": {"angle": 0, "axis": "y", "origin": [0, -2.5, -6.25]},
			"faces": {
				"north": {"uv": [8.625, 3.75, 9, 3.875], "texture": "#0"},
				"east": {"uv": [7.125, 0.875, 7.25, 1], "texture": "#0"},
				"south": {"uv": [8.625, 3.875, 9, 4], "texture": "#0"},
				"west": {"uv": [7.375, 4.375, 7.5, 4.5], "texture": "#0"},
				"up": {"uv": [4.375, 8.75, 4, 8.625], "texture": "#0"},
				"down": {"uv": [4.75, 8.625, 4.375, 8.75], "texture": "#0"}
			}
		},
		{
			"from": [9, 10, -0.25],
			"to": [9.5, 11, 0.25],
			"rotation": {"angle": 0, "axis": "y", "origin": [-0.5, -1.75, -6.25]},
			"faces": {
				"north": {"uv": [7.375, 4.5, 7.5, 4.625], "texture": "#0"},
				"east": {"uv": [7.375, 4.625, 7.5, 4.75], "texture": "#0"},
				"south": {"uv": [7.625, 3.625, 7.75, 3.75], "texture": "#0"},
				"west": {"uv": [5, 7.625, 5.125, 7.75], "texture": "#0"},
				"up": {"uv": [5.25, 7.75, 5.125, 7.625], "texture": "#0"},
				"down": {"uv": [3.25, 7.75, 3.125, 7.875], "texture": "#0"}
			}
		},
		{
			"from": [6.5, 10, -0.25],
			"to": [7, 11, 0.25],
			"rotation": {"angle": 0, "axis": "y", "origin": [-3, -1.75, -6.25]},
			"faces": {
				"north": {"uv": [5.625, 7.75, 5.75, 7.875], "texture": "#0"},
				"east": {"uv": [4.25, 7.875, 4.375, 8], "texture": "#0"},
				"south": {"uv": [5.625, 7.875, 5.75, 8], "texture": "#0"},
				"west": {"uv": [2.5, 8, 2.625, 8.125], "texture": "#0"},
				"up": {"uv": [3, 8.25, 2.875, 8.125], "texture": "#0"},
				"down": {"uv": [3.125, 8.125, 3, 8.25], "texture": "#0"}
			}
		},
		{
			"from": [1, 2, 1],
			"to": [15, 10, 15],
			"rotation": {"angle": 0, "axis": "y", "origin": [0, -7, 0]},
			"faces": {
				"north": {"uv": [0, 4, 1.75, 5], "texture": "#0"},
				"east": {"uv": [0, 5, 1.75, 6], "texture": "#0"},
				"south": {"uv": [3.75, 5, 5.5, 6], "texture": "#0"},
				"west": {"uv": [1.75, 5.25, 3.5, 6.25], "texture": "#0"},
				"up": {"uv": [3.75, 5.25, 2, 3.5], "texture": "#0"},
				"down": {"uv": [5.5, 0, 3.75, 1.75], "texture": "#0"}
			}
		},
		{
			"from": [1.5, 3, 1.5],
			"to": [14.5, 10.75, 14.5],
			"rotation": {"angle": 0, "axis": "y", "origin": [-0.5, -6, -0.5]},
			"faces": {
				"north": {"uv": [5.375, 1.75, 7, 2.75], "texture": "#0"},
				"east": {"uv": [5.375, 2.75, 7, 3.75], "texture": "#0"},
				"south": {"uv": [5.375, 3.75, 7, 4.75], "texture": "#0"},
				"west": {"uv": [5.5, 0, 7.125, 1], "texture": "#0"},
				"up": {"uv": [5.375, 3.375, 3.75, 1.75], "texture": "#0"},
				"down": {"uv": [5.375, 3.375, 3.75, 5], "texture": "#0"}
			}
		},
		{
			"from": [12.175, 4, 4.25],
			"to": [15.175, 7, 11.25],
			"rotation": {"angle": -22.5, "axis": "y", "origin": [13.175, 4, 11.25]},
			"faces": {
				"north": {"uv": [8.125, 5.625, 8.5, 6], "texture": "#0"},
				"east": {"uv": [5.75, 7, 6.625, 7.375], "texture": "#0"},
				"south": {"uv": [8.125, 7, 8.5, 7.375], "texture": "#0"},
				"west": {"uv": [6.625, 7, 7.5, 7.375], "texture": "#0"},
				"up": {"uv": [7.5, 0.875, 7.125, 0], "texture": "#0"},
				"down": {"uv": [0.375, 7.25, 0, 8.125], "texture": "#0"}
			}
		},
		{
			"from": [1.175, 6, 3.75],
			"to": [4.175, 15, 6.75],
			"rotation": {"angle": 22.5, "axis": "z", "origin": [2.175, 6, 6.75]},
			"faces": {
				"north": {"uv": [4.375, 6.5, 4.75, 7.625], "texture": "#0"},
				"east": {"uv": [4.75, 6.5, 5.125, 7.625], "texture": "#0"},
				"south": {"uv": [7, 2.5, 7.375, 3.625], "texture": "#0"},
				"west": {"uv": [7, 3.625, 7.375, 4.75], "texture": "#0"},
				"up": {"uv": [8.5, 7.75, 8.125, 7.375], "texture": "#0"},
				"down": {"uv": [7.875, 8.125, 7.5, 8.5], "texture": "#0"}
			}
		},
		{
			"from": [0.175, 13.1, 3.85],
			"to": [5.175, 16.1, 6.85],
			"rotation": {"angle": 22.5, "axis": "y", "origin": [0.175, 15.1, 6.85]},
			"faces": {
				"north": {"uv": [7.25, 1.125, 7.875, 1.5], "texture": "#0"},
				"east": {"uv": [8.125, 7.75, 8.5, 8.125], "texture": "#0"},
				"south": {"uv": [4.375, 7.625, 5, 8], "texture": "#0"},
				"west": {"uv": [7.875, 8.125, 8.25, 8.5], "texture": "#0"},
				"up": {"uv": [8.375, 0.375, 7.75, 0], "texture": "#0"},
				"down": {"uv": [8.375, 0.375, 7.75, 0.75], "texture": "#0"}
			}
		},
		{
			"from": [4.375, 13.6, 2.85],
			"to": [9.375, 15.6, 4.85],
			"rotation": {"angle": 45, "axis": "y", "origin": [4.375, 14.6, 4.85]},
			"faces": {
				"north": {"uv": [7.75, 4.875, 8.375, 5.125], "texture": "#0"},
				"east": {"uv": [6.625, 8.5, 6.875, 8.75], "texture": "#0"},
				"south": {"uv": [5, 7.75, 5.625, 8], "texture": "#0"},
				"west": {"uv": [6.875, 8.5, 7.125, 8.75], "texture": "#0"},
				"up": {"uv": [8.375, 5.375, 7.75, 5.125], "texture": "#0"},
				"down": {"uv": [8.375, 5.375, 7.75, 5.625], "texture": "#0"}
			}
		},
		{
			"from": [6.475, 12.1, 1.45],
			"to": [7.475, 15.1, 2.45],
			"rotation": {"angle": 22.5, "axis": "x", "origin": [7.475, 17.1, 1.45]},
			"faces": {
				"north": {"uv": [5.125, 6.5, 5.25, 6.875], "texture": "#0"},
				"east": {"uv": [5.125, 6.875, 5.25, 7.25], "texture": "#0"},
				"south": {"uv": [5.125, 7.25, 5.25, 7.625], "texture": "#0"},
				"west": {"uv": [7.375, 3.75, 7.5, 4.125], "texture": "#0"},
				"up": {"uv": [4.125, 8.375, 4, 8.25], "texture": "#0"},
				"down": {"uv": [4.25, 8.25, 4.125, 8.375], "texture": "#0"}
			}
		},
		{
			"from": [14.775, 4.025, -0.75],
			"to": [17.775, 6.975, 6.25],
			"rotation": {"angle": 22.5, "axis": "y", "origin": [15.775, 4, 6.25]},
			"faces": {
				"north": {"uv": [8.25, 1.125, 8.625, 1.5], "texture": "#0"},
				"east": {"uv": [7.125, 6.25, 8, 6.625], "texture": "#0"},
				"south": {"uv": [1.375, 8.25, 1.75, 8.625], "texture": "#0"},
				"west": {"uv": [7.125, 6.625, 8, 7], "texture": "#0"},
				"up": {"uv": [0.75, 8.125, 0.375, 7.25], "texture": "#0"},
				"down": {"uv": [1.125, 7.25, 0.75, 8.125], "texture": "#0"}
			}
		},
		{
			"from": [7.875, 4.5, -0.65],
			"to": [14.875, 6.5, 1.35],
			"rotation": {"angle": 0, "axis": "y", "origin": [14.875, 4.5, 0.35]},
			"faces": {
				"north": {"uv": [7.25, 6, 8.125, 6.25], "texture": "#0"},
				"east": {"uv": [8.5, 7, 8.75, 7.25], "texture": "#0"},
				"south": {"uv": [7.5, 1.5, 8.375, 1.75], "texture": "#0"},
				"west": {"uv": [7.125, 8.5, 7.375, 8.75], "texture": "#0"},
				"up": {"uv": [8.625, 1, 7.75, 0.75], "texture": "#0"},
				"down": {"uv": [2.625, 7.75, 1.75, 8], "texture": "#0"}
			}
		},
		{
			"from": [4.875, 5, -0.15],
			"to": [7.875, 6, 0.85],
			"rotation": {"angle": 0, "axis": "y", "origin": [7.875, 5, -0.15]},
			"faces": {
				"north": {"uv": [4.75, 8.625, 5.125, 8.75], "texture": "#0"},
				"east": {"uv": [5.5, 8.375, 5.625, 8.5], "texture": "#0"},
				"south": {"uv": [5.125, 8.625, 5.5, 8.75], "texture": "#0"},
				"west": {"uv": [5.625, 8.375, 5.75, 8.5], "texture": "#0"},
				"up": {"uv": [9, 6.125, 8.625, 6], "texture": "#0"},
				"down": {"uv": [9, 6.125, 8.625, 6.25], "texture": "#0"}
			}
		}
	],
	"groups": [
		{
			"name": "group",
			"origin": [-13.5, 2, 13.5],
			"color": 0,
			"children": [0, 1, 2, 3, 4, 5, 6, 7, 8, 9, 10, 11, 12, 13, 14, 15, 16, 17, 18, 19, 20, 21, 22, 23, 24, 25, 26, 27, 28, 29, 30, 31, 32, 33, 34, 35, 36, 37, 38, 39]
		}
	]
}