{
	"texture_size": [64, 64],
	"textures": {
		"1": "item/chest/luckyblock",
		"particle": "item/chest/luckyblock"
	},
	"elements": [
		{
			"from": [0, 10.5, 0],
			"to": [16, 16.5, 16],
			"rotation": {"angle": 0, "axis": "y", "origin": [0, 0.5, 0]},
			"faces": {
				"north": {"uv": [3.75, 10.5, 7.75, 12], "texture": "#1"},
				"east": {"uv": [7.75, 11.25, 11.75, 12.75], "texture": "#1"},
				"south": {"uv": [11.75, 0, 15.75, 1.5], "texture": "#1"},
				"west": {"uv": [11.75, 1.5, 15.75, 3], "texture": "#1"},
				"up": {"uv": [4, 4, 0, 0], "texture": "#1"},
				"down": {"uv": [4, 4, 0, 8], "texture": "#1"}
			}
		},
		{
			"from": [0, 0, 0],
			"to": [16, 10, 16],
			"faces": {
				"north": {"uv": [3.75, 8, 7.75, 10.5], "texture": "#1"},
				"east": {"uv": [8, 3.75, 12, 6.25], "texture": "#1"},
				"south": {"uv": [8, 6.25, 12, 8.75], "texture": "#1"},
				"west": {"uv": [7.75, 8.75, 11.75, 11.25], "texture": "#1"},
				"up": {"uv": [8, 4, 4, 0], "texture": "#1"},
				"down": {"uv": [8, 4, 4, 8], "texture": "#1"}
			}
		},
		{
			"from": [0.5, 7.25, 0.5],
			"to": [15.5, 12.25, 15.5],
			"rotation": {"angle": 0, "axis": "y", "origin": [0, 0.25, 0]},
			"faces": {
				"north": {"uv": [0, 11.75, 3.75, 13], "texture": "#1"},
				"east": {"uv": [11.75, 8.75, 15.5, 10], "texture": "#1"},
				"south": {"uv": [11.75, 10, 15.5, 11.25], "texture": "#1"},
				"west": {"uv": [11.75, 11.25, 15.5, 12.5], "texture": "#1"},
				"up": {"uv": [3.75, 11.75, 0, 8], "texture": "#1"},
				"down": {"uv": [11.75, 0, 8, 3.75], "texture": "#1"}
			}
		},
		{
			"from": [6.5, 8, -1],
			"to": [9.5, 12, 1],
			"rotation": {"angle": 0, "axis": "y", "origin": [6.5, 8, -1]},
			"faces": {
				"north": {"uv": [12, 3, 12.75, 4], "texture": "#1"},
				"east": {"uv": [12, 4, 12.5, 5], "texture": "#1"},
				"south": {"uv": [3.75, 12, 4.5, 13], "texture": "#1"},
				"west": {"uv": [4.5, 12, 5, 13], "texture": "#1"},
				"up": {"uv": [5.75, 12.5, 5, 12], "texture": "#1"},
				"down": {"uv": [12.75, 5, 12, 5.5], "texture": "#1"}
			}
		}
	],
	"display": {
		"head": {
			"scale": [2, 2, 2]
		}
	},
	"groups": [
		{
			"name": "group",
			"origin": [0, 0.25, 0],
			"color": 0,
			"children": [0, 1, 2, 3]
		}
	]
}