{
  "model": {
    "type": "range_dispatch",
    "property": "custom_model_data",
    "index": 0,
    "fallback": {
      "type": "model",
      "model": "item/purple_dye"
    },
    "entries": [
      {
        "threshold": 1,
        "model": {
          "type": "model",
          "model": "item/purple_dye/1"
        }
      },
      {
        "threshold": 2,
        "model": {
          "type": "model",
          "model": "item/purple_dye/2"
        }
      },
      {
        "threshold": 56463534,
        "model": {
          "type": "model",
          "model": "item/purple_dye/56463534"
        }
      }
    ]
  }
}