{
	"texture_size": [32, 32],
	"textures": {
		"0": "item/custom/items/rozdzka",
		"particle": "item/custom/items/rozdzka"
	},
	"elements": [
		{
			"from": [5.5, 5.20711, 8],
			"to": [10.5, 7.20711, 8],
			"rotation": {"angle": 0, "axis": "y", "origin": [8, 7.70711, 8]},
			"faces": {
				"north": {"uv": [9, 8, 11.5, 9], "texture": "#0"},
				"east": {"uv": [0, 0, 0, 1], "texture": "#0"},
				"south": {"uv": [9, 9, 11.5, 10], "texture": "#0"},
				"west": {"uv": [0, 0, 0, 1], "texture": "#0"},
				"up": {"uv": [2.5, 0, 0, 0], "texture": "#0"},
				"down": {"uv": [2.5, 0, 0, 0], "texture": "#0"}
			}
		},
		{
			"from": [7, 10, 6.5],
			"to": [10, 13, 9.5],
			"rotation": {"angle": 45, "axis": "z", "origin": [8, 11, 7.5]},
			"faces": {
				"north": {"uv": [9.5, 4, 11, 5.5], "texture": "#0"},
				"east": {"uv": [9.5, 5.5, 11, 7], "texture": "#0"},
				"south": {"uv": [10, 0, 11.5, 1.5], "texture": "#0"},
				"west": {"uv": [10, 1.5, 11.5, 3], "texture": "#0"},
				"up": {"uv": [7.5, 11.5, 6, 10], "texture": "#0"},
				"down": {"uv": [9, 10, 7.5, 11.5], "texture": "#0"}
			}
		},
		{
			"from": [7, 11.70711, 7],
			"to": [9, 14.70711, 9],
			"rotation": {"angle": 0, "axis": "y", "origin": [7.5, 13.20711, 8.5]},
			"faces": {
				"north": {"uv": [11.5, 7.5, 12.5, 9], "texture": "#0"},
				"east": {"uv": [9, 11.5, 10, 13], "texture": "#0"},
				"south": {"uv": [10, 11.5, 11, 13], "texture": "#0"},
				"west": {"uv": [11, 11.5, 12, 13], "texture": "#0"},
				"up": {"uv": [11, 4, 10, 3], "texture": "#0"},
				"down": {"uv": [13.5, 6, 12.5, 7], "texture": "#0"}
			}
		},
		{
			"from": [6, 3, 6],
			"to": [10, 7, 10],
			"rotation": {"angle": 45, "axis": "z", "origin": [8, 5, 7.5]},
			"faces": {
				"north": {"uv": [6, 0, 8, 2], "texture": "#0"},
				"east": {"uv": [6, 2, 8, 4], "texture": "#0"},
				"south": {"uv": [6, 4, 8, 6], "texture": "#0"},
				"west": {"uv": [6, 6, 8, 8], "texture": "#0"},
				"up": {"uv": [10, 2, 8, 0], "texture": "#0"},
				"down": {"uv": [10, 2, 8, 4], "texture": "#0"}
			}
		},
		{
			"from": [7, -15, 7],
			"to": [9, 5.70711, 9],
			"rotation": {"angle": -45, "axis": "y", "origin": [8, -4.14645, 8]},
			"faces": {
				"north": {"uv": [2, 5.5, 3, 16], "texture": "#0"},
				"east": {"uv": [3, 5.5, 4, 16], "texture": "#0"},
				"south": {"uv": [4, 5.5, 5, 16], "texture": "#0"},
				"west": {"uv": [5, 5.5, 6, 16], "texture": "#0"},
				"up": {"uv": [13.5, 8, 12.5, 7], "texture": "#0"},
				"down": {"uv": [13.5, 8, 12.5, 9], "texture": "#0"}
			}
		},
		{
			"from": [7, -16, 6.5],
			"to": [10, -13, 9.5],
			"rotation": {"angle": 45, "axis": "z", "origin": [8, -15, 7.5]},
			"faces": {
				"north": {"uv": [9, 10, 10.5, 11.5], "texture": "#0"},
				"east": {"uv": [10.5, 10, 12, 11.5], "texture": "#0"},
				"south": {"uv": [0, 11, 1.5, 12.5], "texture": "#0"},
				"west": {"uv": [11, 3, 12.5, 4.5], "texture": "#0"},
				"up": {"uv": [12.5, 6, 11, 4.5], "texture": "#0"},
				"down": {"uv": [12.5, 6, 11, 7.5], "texture": "#0"}
			}
		},
		{
			"from": [6.5, -11.5, 6.5],
			"to": [9.5, -9.79289, 9.5],
			"rotation": {"angle": -45, "axis": "y", "origin": [8, -3.64645, 8]},
			"faces": {
				"north": {"uv": [9.5, 7, 11, 8], "texture": "#0"},
				"east": {"uv": [11.5, 9, 13, 10], "texture": "#0"},
				"south": {"uv": [12, 10, 13.5, 11], "texture": "#0"},
				"west": {"uv": [12, 11, 13.5, 12], "texture": "#0"},
				"up": {"uv": [13, 1.5, 11.5, 0], "texture": "#0"},
				"down": {"uv": [13, 1.5, 11.5, 3], "texture": "#0"}
			}
		},
		{
			"from": [9.5, 7.20711, 8],
			"to": [13.5, 18.20711, 8],
			"rotation": {"angle": 0, "axis": "y", "origin": [13, 11.70711, 8]},
			"faces": {
				"north": {"uv": [0, 0, 2, 5.5], "texture": "#0"},
				"east": {"uv": [0, 0, 0, 5.5], "texture": "#0"},
				"south": {"uv": [2, 0, 4, 5.5], "texture": "#0"},
				"west": {"uv": [0, 0, 0, 5.5], "texture": "#0"},
				"up": {"uv": [2, 0, 0, 0], "texture": "#0"},
				"down": {"uv": [2, 0, 0, 0], "texture": "#0"}
			}
		},
		{
			"from": [2.5, 7.20711, 8],
			"to": [6.5, 18.20711, 8],
			"rotation": {"angle": 0, "axis": "y", "origin": [5, 11.70711, 8]},
			"faces": {
				"north": {"uv": [4, 0, 6, 5.5], "texture": "#0"},
				"east": {"uv": [0, 0, 0, 5.5], "texture": "#0"},
				"south": {"uv": [0, 5.5, 2, 11], "texture": "#0"},
				"west": {"uv": [0, 0, 0, 5.5], "texture": "#0"},
				"up": {"uv": [2, 0, 0, 0], "texture": "#0"},
				"down": {"uv": [2, 0, 0, 0], "texture": "#0"}
			}
		},
		{
			"from": [6.5, 7.20711, 8],
			"to": [9.5, 9.20711, 8],
			"rotation": {"angle": 0, "axis": "y", "origin": [8, 9.70711, 8]},
			"faces": {
				"north": {"uv": [12, 12, 13.5, 13], "texture": "#0"},
				"east": {"uv": [0, 0, 0, 1], "texture": "#0"},
				"south": {"uv": [0, 12.5, 1.5, 13.5], "texture": "#0"},
				"west": {"uv": [0, 0, 0, 1], "texture": "#0"},
				"up": {"uv": [1.5, 0, 0, 0], "texture": "#0"},
				"down": {"uv": [1.5, 0, 0, 0], "texture": "#0"}
			}
		},
		{
			"from": [6.75, 1.5, 6.75],
			"to": [9.25, 5.20711, 9.25],
			"rotation": {"angle": -45, "axis": "y", "origin": [8, -4.64645, 8]},
			"faces": {
				"north": {"uv": [8, 4, 9.5, 6], "texture": "#0"},
				"east": {"uv": [6, 8, 7.5, 10], "texture": "#0"},
				"south": {"uv": [8, 6, 9.5, 8], "texture": "#0"},
				"west": {"uv": [7.5, 8, 9, 10], "texture": "#0"},
				"up": {"uv": [7.5, 13, 6, 11.5], "texture": "#0"},
				"down": {"uv": [9, 11.5, 7.5, 13], "texture": "#0"}
			}
		},
		{
			"from": [7, 14.70711, 8],
			"to": [9, 17.70711, 8],
			"rotation": {"angle": 0, "axis": "y", "origin": [7.5, 16.20711, 8.5]},
			"faces": {
				"north": {"uv": [12.5, 3, 13.5, 4.5], "texture": "#0"},
				"east": {"uv": [0, 0, 0, 1.5], "texture": "#0"},
				"south": {"uv": [12.5, 4.5, 13.5, 6], "texture": "#0"},
				"west": {"uv": [0, 0, 0, 1.5], "texture": "#0"},
				"up": {"uv": [1, 0, 0, 0], "texture": "#0"},
				"down": {"uv": [1, 0, 0, 0], "texture": "#0"}
			}
		}
	],
	"gui_light": "front",
	"display": {
		"thirdperson_righthand": {
			"rotation": [0, 90, 0],
			"translation": [0, 9.75, 1.25]
		},
		"thirdperson_lefthand": {
			"rotation": [0, 90, 0],
			"translation": [0, 9.75, 1.25]
		},
		"firstperson_righthand": {
			"rotation": [-20, 105, 0],
			"translation": [0, 3.5, -0.75],
			"scale": [0.7, 0.7, 0.7]
		},
		"firstperson_lefthand": {
			"rotation": [-20, 105, 0],
			"translation": [0, 3.5, -0.75],
			"scale": [0.7, 0.7, 0.7]
		},
		"ground": {
			"rotation": [90, 0, 0],
			"translation": [0, 0, 4.75],
			"scale": [0.6, 0.6, 0.6]
		},
		"gui": {
			"rotation": [0, -150, 45],
			"translation": [2.25, 2.5, 0],
			"scale": [0.57, 0.57, 0.57]
		},
		"fixed": {
			"rotation": [0, 0, 45],
			"translation": [-2.25, 2.25, 0],
			"scale": [0.6, 0.6, 0.6]
		}
	},
	"groups": [
		{
			"name": "group",
			"origin": [8, 7.70711, 8],
			"color": 0,
			"children": [0, 1, 2, 3, 4, 5, 6, 7, 8, 9, 10, 11]
		}
	]
}