{"elements":[{"from":[-8.0,12.4,7.2],"to":[24.0,14.0,8.8],"rotation":{"angle":0.0,"axis":"y","origin":[8.0,8.0,8.0]},"faces":{"east":{"uv":[5.375,2.0,5.625,2.25],"rotation":0,"texture":"#0","tintindex":0},"south":{"uv":[0.0,4.5,5.0,4.75],"rotation":0,"texture":"#0","tintindex":0},"north":{"uv":[0.0,4.25,5.0,4.5],"rotation":0,"texture":"#0","tintindex":0},"west":{"uv":[5.375,3.6875,5.625,3.9375],"rotation":0,"texture":"#0","tintindex":0},"up":{"uv":[9.5,0.25,4.5,0.0],"rotation":0,"texture":"#0","tintindex":0},"down":{"uv":[9.5,0.25,4.5,0.5],"rotation":0,"texture":"#0","tintindex":0}}},{"from":[-8.0,27.2,7.2],"to":[24.0,28.800001,8.8],"rotation":{"angle":0.0,"axis":"y","origin":[8.0,8.0,8.0]},"faces":{"east":{"uv":[5.4375,3.9375,5.6875,4.1875],"rotation":0,"texture":"#0","tintindex":0},"south":{"uv":[4.5,0.75,9.5,1.0],"rotation":0,"texture":"#0","tintindex":0},"north":{"uv":[4.5,0.5,9.5,0.75],"rotation":0,"texture":"#0","tintindex":0},"west":{"uv":[5.4375,4.1875,5.6875,4.4375],"rotation":0,"texture":"#0","tintindex":0},"up":{"uv":[9.5,1.25,4.5,1.0],"rotation":0,"texture":"#0","tintindex":0},"down":{"uv":[9.5,1.25,4.5,1.5],"rotation":0,"texture":"#0","tintindex":0}}},{"from":[22.400002,14.0,7.2],"to":[24.0,27.2,8.8],"rotation":{"angle":0.0,"axis":"y","origin":[8.0,8.0,8.0]},"faces":{"east":{"uv":[0.0,4.75,0.25,6.8125],"rotation":0,"texture":"#0","tintindex":0},"south":{"uv":[0.25,4.75,0.5,6.8125],"rotation":0,"texture":"#0","tintindex":0},"north":{"uv":[4.5,1.75,4.75,3.8125],"rotation":0,"texture":"#0","tintindex":0},"west":{"uv":[0.5,4.75,0.75,6.8125],"rotation":0,"texture":"#0","tintindex":0},"up":{"uv":[2.0,5.75,1.75,5.5],"rotation":0,"texture":"#0","tintindex":0},"down":{"uv":[2.25,5.5,2.0,5.75],"rotation":0,"texture":"#0","tintindex":0}}},{"from":[-8.0,14.0,7.2],"to":[-6.4000006,27.2,8.8],"rotation":{"angle":0.0,"axis":"y","origin":[8.0,8.0,8.0]},"faces":{"east":{"uv":[1.0,4.75,1.25,6.8125],"rotation":0,"texture":"#0","tintindex":0},"south":{"uv":[1.25,4.75,1.5,6.8125],"rotation":0,"texture":"#0","tintindex":0},"north":{"uv":[0.75,4.75,1.0,6.8125],"rotation":0,"texture":"#0","tintindex":0},"west":{"uv":[1.5,4.75,1.75,6.8125],"rotation":0,"texture":"#0","tintindex":0},"up":{"uv":[5.75,4.6875,5.5,4.4375],"rotation":0,"texture":"#0","tintindex":0},"down":{"uv":[5.75,4.6875,5.5,4.9375],"rotation":0,"texture":"#0","tintindex":0}}},{"from":[-9.200001,27.2,6.8],"to":[-6.4000006,30.0,9.2],"rotation":{"angle":0.0,"axis":"y","origin":[8.0,8.0,8.0]},"faces":{"east":{"uv":[4.375,4.75,4.75,5.1875],"rotation":0,"texture":"#0","tintindex":0},"south":{"uv":[4.75,2.375,5.1875,2.8125],"rotation":0,"texture":"#0","tintindex":0},"north":{"uv":[4.5,3.8125,4.9375,4.25],"rotation":0,"texture":"#0","tintindex":0},"west":{"uv":[4.75,4.75,5.125,5.1875],"rotation":0,"texture":"#0","tintindex":0},"up":{"uv":[5.375,4.0625,4.9375,3.6875],"rotation":0,"texture":"#0","tintindex":0},"down":{"uv":[5.4375,4.0625,5.0,4.4375],"rotation":0,"texture":"#0","tintindex":0}}},{"from":[22.400002,27.2,6.8],"to":[25.2,30.0,9.2],"rotation":{"angle":0.0,"axis":"y","origin":[8.0,8.0,8.0]},"faces":{"east":{"uv":[5.125,4.4375,5.5,4.875],"rotation":0,"texture":"#0","tintindex":0},"south":{"uv":[4.75,2.8125,5.1875,3.25],"rotation":0,"texture":"#0","tintindex":0},"north":{"uv":[2.625,4.75,3.0625,5.1875],"rotation":0,"texture":"#0","tintindex":0},"west":{"uv":[5.125,4.875,5.5,5.3125],"rotation":0,"texture":"#0","tintindex":0},"up":{"uv":[5.625,2.75,5.1875,2.375],"rotation":0,"texture":"#0","tintindex":0},"down":{"uv":[3.0625,5.1875,2.625,5.5625],"rotation":0,"texture":"#0","tintindex":0}}},{"from":[22.400002,11.2,6.8],"to":[25.2,14.0,9.2],"rotation":{"angle":0.0,"axis":"y","origin":[8.0,8.0,8.0]},"faces":{"east":{"uv":[5.1875,2.75,5.5625,3.1875],"rotation":0,"texture":"#0","tintindex":0},"south":{"uv":[4.75,3.25,5.1875,3.6875],"rotation":0,"texture":"#0","tintindex":0},"north":{"uv":[3.0625,4.75,3.5,5.1875],"rotation":0,"texture":"#0","tintindex":0},"west":{"uv":[3.0625,5.1875,3.4375,5.625],"rotation":0,"texture":"#0","tintindex":0},"up":{"uv":[5.625,3.5625,5.1875,3.1875],"rotation":0,"texture":"#0","tintindex":0},"down":{"uv":[3.875,5.1875,3.4375,5.5625],"rotation":0,"texture":"#0","tintindex":0}}},{"from":[-9.200001,11.2,6.8],"to":[-6.4000006,14.0,9.2],"rotation":{"angle":0.0,"axis":"y","origin":[8.0,8.0,8.0]},"faces":{"east":{"uv":[3.875,5.1875,4.25,5.625],"rotation":0,"texture":"#0","tintindex":0},"south":{"uv":[3.9375,4.75,4.375,5.1875],"rotation":0,"texture":"#0","tintindex":0},"north":{"uv":[3.5,4.75,3.9375,5.1875],"rotation":0,"texture":"#0","tintindex":0},"west":{"uv":[4.25,5.1875,4.625,5.625],"rotation":0,"texture":"#0","tintindex":0},"up":{"uv":[5.0625,5.5625,4.625,5.1875],"rotation":0,"texture":"#0","tintindex":0},"down":{"uv":[5.5,5.3125,5.0625,5.6875],"rotation":0,"texture":"#0","tintindex":0}}},{"from":[20.8,14.0,7.2],"to":[22.400002,15.6,8.8],"rotation":{"angle":0.0,"axis":"y","origin":[8.0,8.0,8.0]},"faces":{"east":{"uv":[5.5,5.1875,5.75,5.4375],"rotation":0,"texture":"#0","tintindex":0},"south":{"uv":[5.5,5.4375,5.75,5.6875],"rotation":0,"texture":"#0","tintindex":0},"north":{"uv":[5.5,4.9375,5.75,5.1875],"rotation":0,"texture":"#0","tintindex":0},"west":{"uv":[2.625,5.5625,2.875,5.8125],"rotation":0,"texture":"#0","tintindex":0},"up":{"uv":[5.8125,3.0,5.5625,2.75],"rotation":0,"texture":"#0","tintindex":0},"down":{"uv":[3.6875,5.5625,3.4375,5.8125],"rotation":0,"texture":"#0","tintindex":0}}},{"from":[-6.4000006,14.0,7.2],"to":[-4.8,15.6,8.8],"rotation":{"angle":0.0,"axis":"y","origin":[8.0,8.0,8.0]},"faces":{"east":{"uv":[5.625,2.0,5.875,2.25],"rotation":0,"texture":"#0","tintindex":0},"south":{"uv":[5.625,2.25,5.875,2.5],"rotation":0,"texture":"#0","tintindex":0},"north":{"uv":[4.625,5.5625,4.875,5.8125],"rotation":0,"texture":"#0","tintindex":0},"west":{"uv":[5.625,2.5,5.875,2.75],"rotation":0,"texture":"#0","tintindex":0},"up":{"uv":[3.125,5.875,2.875,5.625],"rotation":0,"texture":"#0","tintindex":0},"down":{"uv":[5.875,3.0,5.625,3.25],"rotation":0,"texture":"#0","tintindex":0}}},{"from":[-6.4000006,25.6,7.2],"to":[-4.8,27.2,8.8],"rotation":{"angle":0.0,"axis":"y","origin":[8.0,8.0,8.0]},"faces":{"east":{"uv":[5.625,3.25,5.875,3.5],"rotation":0,"texture":"#0","tintindex":0},"south":{"uv":[3.6875,5.625,3.9375,5.875],"rotation":0,"texture":"#0","tintindex":0},"north":{"uv":[3.125,5.625,3.375,5.875],"rotation":0,"texture":"#0","tintindex":0},"west":{"uv":[5.625,3.6875,5.875,3.9375],"rotation":0,"texture":"#0","tintindex":0},"up":{"uv":[4.1875,5.875,3.9375,5.625],"rotation":0,"texture":"#0","tintindex":0},"down":{"uv":[4.4375,5.625,4.1875,5.875],"rotation":0,"texture":"#0","tintindex":0}}},{"from":[20.8,25.6,7.2],"to":[22.400002,27.2,8.8],"rotation":{"angle":0.0,"axis":"y","origin":[8.0,8.0,8.0]},"faces":{"east":{"uv":[5.6875,4.1875,5.9375,4.4375],"rotation":0,"texture":"#0","tintindex":0},"south":{"uv":[4.875,5.6875,5.125,5.9375],"rotation":0,"texture":"#0","tintindex":0},"north":{"uv":[5.6875,3.9375,5.9375,4.1875],"rotation":0,"texture":"#0","tintindex":0},"west":{"uv":[5.125,5.6875,5.375,5.9375],"rotation":0,"texture":"#0","tintindex":0},"up":{"uv":[5.625,5.9375,5.375,5.6875],"rotation":0,"texture":"#0","tintindex":0},"down":{"uv":[5.875,5.6875,5.625,5.9375],"rotation":0,"texture":"#0","tintindex":0}}},{"from":[-6.4000006,13.6,7.6],"to":[22.400002,27.2,8.4],"rotation":{"angle":0.0,"axis":"y","origin":[8.0,8.0,8.0]},"faces":{"east":{"uv":[2.375,4.75,2.5,6.875],"rotation":0,"texture":"#0","tintindex":0},"south":{"uv":[0.0,2.125,4.5,4.25],"rotation":0,"texture":"#0","tintindex":0},"north":{"uv":[0.0,0.0,4.5,2.125],"rotation":0,"texture":"#0","tintindex":0},"west":{"uv":[2.5,4.75,2.625,6.875],"rotation":0,"texture":"#0","tintindex":0},"up":{"uv":[9.0,1.625,4.5,1.5],"rotation":0,"texture":"#0","tintindex":0},"down":{"uv":[9.0,1.625,4.5,1.75],"rotation":0,"texture":"#0","tintindex":0}}},{"from":[6.0,30.4,6.0],"to":[10.0,31.2,10.0],"rotation":{"angle":0.0,"axis":"y","origin":[8.0,8.0,8.0]},"faces":{"east":{"uv":[1.75,5.375,2.375,5.5],"rotation":0,"texture":"#0","tintindex":0},"south":{"uv":[5.375,1.75,6.0,1.875],"rotation":0,"texture":"#0","tintindex":0},"north":{"uv":[5.1875,3.5625,5.8125,3.6875],"rotation":0,"texture":"#0","tintindex":0},"west":{"uv":[5.375,1.875,6.0,2.0],"rotation":0,"texture":"#0","tintindex":0},"up":{"uv":[2.375,5.375,1.75,4.75],"rotation":0,"texture":"#0","tintindex":0},"down":{"uv":[5.375,1.75,4.75,2.375],"rotation":0,"texture":"#0","tintindex":0}}}],"textures":{"0":"modelengine:entity/texture_duels"},"display":{"head":{"translation":[0.0,-6.4,0.0],"scale":[4.0,4.0,4.0]}}}